id,x,y
0,0,0.063544669
1,0.111111111,0.584181055
2,0.222222222,1.155635229
3,0.333333333,0.763420418
4,0.444444444,0.167507667
5,0.555555556,-0.306691668
6,0.666666667,-0.977889158
7,0.777777778,-1.082657195
8,0.888888889,-0.755204711
9,1,-0.158812337
