id,x,y
0,0,0.286233111
1,0.111111111,0.704652897
2,0.222222222,0.822225931
3,0.333333333,1.212488523
4,0.444444444,1.282596019
5,0.555555556,1.269288965
6,0.666666667,1.446048832
7,0.777777778,1.731309451
8,0.888888889,2.108200574
9,1,1.959011373
